{
  "s3_input_path": "s3a://l2-data-internal/parquet/VM2Uniform/part-00000-d2507e01-b738-4e89-911b-35a73990885f-c000.snappy.parquet",
  "s3_output_path": "s3a://gui-files/L2-test/",
  "job_name": "L2_Normalize",
"mapping_json":
            {
              "voters_active":
                      {
                        "name": "Voters_Active",
                        "type": "string",
                        "required": true ,
                        "mapping": { }
                      },
              "voters_statevoterid":
                      {
                        "name": "Voters_Statevoterid",
                        "type": "string",
                        "required": true ,
                        "mapping": { }
                      },
              "voters_firstname":
                      {
                        "name": "Voters_Firstname",
                        "type": "string",
                        "required": true ,
                        "mapping": { }
                      },
              "voters_middlename":
                      {
                        "name": "Voters_Middlename",
                        "type": "string",
                        "required": true ,
                        "mapping": { }
                      },
              "voters_lastname":
                      {
                        "name": "Voters_Lastname",
                        "type": "string",
                        "required": true ,
                        "mapping": { }
                      },
              "voters_namesuffix":
                      {
                        "name": "Voters_Namesuffix",
                        "type": "string",
                        "required": true ,
                        "mapping": { }
                      },
              "voters_age":
                      {
                        "name": "Voters_Age",
                        "type": "string",
                        "required": true,
                        "mapping": {}
                      },
              "residence_addresses_addressline":
                      {
                        "name": "Residence_Addresses_Addressline",
                        "type": "string",
                        "required": true ,
                        "mapping": { }
                      },
              "residence_addresses_city":
                      {
                        "name": "Residence_Addresses_City",
                        "type": "string",
                        "required": true ,
                        "mapping": { }
                      },
              "residence_addresses_state":
                      {
                        "name": "Residence_Addresses_State",
                        "type": "string",
                        "required": true ,
                        "mapping": { }
                      },
              "residence_addresses_zip":
                      {
                        "name": "Residence_Addresses_Zip",
                        "type": "Integer",
                        "required": true ,
                        "mapping": { }
                      },
			  "residence_addresses_housenumber":
                      {
                        "name": "Residence_Addresses_Housenumber",
                        "type": "string",
                        "required": true ,
                        "mapping": { }
                      },
              "residence_addresses_streetname":
                      {
                         "name": "Residence_Addresses_Streetname",
                         "type": "string",
                         "required": true ,
                         "mapping": { }
                              },
              "residence_addresses_designator":
                      {
                        "name": "Residence_Addresses_Designator",
                        "type": "string",
                        "required": true ,
                        "mapping": { }
                      },
              "residence_addresses_apartmentnum":
                      {
                        "name": "Residence_Addresses_Apartmentnum",
                        "type": "string",
                        "required": true ,
                        "mapping": { }
                      },
              "residence_addresses_apartmenttype":
                      {
                        "name": "Residence_Addresses_Apartmenttype",
                        "type": "string",
                        "required": true ,
                        "mapping": { }
                      },
              "residence_addresses_casserrstatcode":
                      {
                        "name": "Residence_Addresses_Casserrstatcode",
                        "type": "string",
                        "required": true ,
                        "mapping": { }
                      },
              "fecdonors_avgdonation_range":
                      {
                        "name": "Fecdonors_Avgdonation_Range",
                        "type": "string",
                        "required": true ,
                        "mapping": { }
                      },
              "fecdonors_primaryrecipientofcontributions":
                      {
                        "name": "Fecdonors_Primaryrecipientofcontributions",
                        "type": "string",
                        "required": true ,
                        "mapping": { }
                      },
              "fecdonors_totaldonationsamt_range":
                      {
                        "name": "Fecdonors_Totaldonationsamt_Range",
                        "type": "string",
                        "required": true ,
                        "mapping": { }
                      },
              "fecdonors_totaldonationsamount":
                      {
                        "name": "Fecdonors_Totaldonationsamount",
                        "type": "string",
                        "required": true ,
                        "mapping": { }
                      }
            }
}
