{
  "ExternalIds": [
    {
      "ExternalId": {
        "column": "Profile_ID"
      },
      "ExternalIdType": "FEC"
    }
  ],
  "Names": [
    {
      "FirstName": {
        "column": "First_Name"
      },
      "LastName": {
        "column": "Last_Name"
      }
    }
  ],
  "Transaction": [
  {
    "TransactionDate": {
      "column": "Transaction_Date"
    },
    "TransactionAmount": {
      "column": "Transaction_Amount"
    },

      "TransactionID": {
        "column": "Transaction_ID"
      },
      "FECRecordNumber": {
        "column": "FEC_Record_Number"
      },
        "FileNumberReportID": {
          "column": "File_Number_Report_ID"
      },
        "TransactionType": {
          "column": "Transaction_Type"
      }

  }
  ],

  "Contributor_Details": [
  {
    "ContributorLenderTransferName": {
      "column": "Contributor_Lender_Transfer_Name"
    },
    "City": {
      "column": "City"
    },

      "ZIPCode": {
        "column": "ZIP_Code"
      },
      "Employer": {
        "column": "Employer"
      },
        "Occupation": {
          "column": "Occupation"
      }
  }
  ],
  "Committee_Report_Type": [
  {
    "FilerIdentificationNumber": {
      "column": "Filer_Identification_Number"
    },
    "Amendment_Indicator": {
      "column": "Amendment_Indicator"
    },

      "ReportType": {
        "column": "Report_Type"
      },
      "ImageNumber": {
        "column": "Image_Number"
      }
  }
  ],
  "PrimaryGeneralIndicator": {
    "column": "Primary_General_Indicator"
  },
  "StateValidation": {
    "column": "State_Validation"
  },
  "ContributorType": {
    "column": "Contributor_Type"
  }
}
