{
  "s3_input_path": "/Users/rajatjain/Documents/s3_input/indiv12",
  "s3_output_path": "/Users/rajatjain/Documents/s3_out",
  "partition_column": "State",
  "job_name": "fec_normalize",
"mapping_json":
            {
              "CMTE_ID":
                      {
                        "name": "Filer_Identification_Number",
                        "type": "string",
                        "required": true ,
                        "mapping": { }
                      },
              "AMNDT_IND":
                      {
                        "name": "Amendment_Indicator",
                        "type": "string",
                        "required": true ,
                        "mapping": { }
                      },
              "RPT_TP":
                      {
                        "name": "Report_Type",
                        "type": "string",
                        "required": true ,
                        "mapping": { }
                      },
              "TRANSACTION_PGI":
                      {
                        "name": "Primary_General_Indicator",
                        "type": "string",
                        "required": true ,
                        "mapping": { }
                      },
              "IMAGE_NUM":
                      {
                        "name": "Image_Number",
                        "type": "string",
                        "required": true ,
                        "mapping": { }
                      },
              "TRANSACTION_TP":
                      {
                        "name": "Transaction_Type",
                        "type": "string",
                        "required": true ,
                        "mapping": { }
                      },
              "ENTITY_TP":
                      {
                        "name": "Entity_Type",
                        "type": "string",
                        "required": true ,
                        "mapping": { }
                      },
              "NAME":
                      {
                        "name": "Contributor_Lender_Transfer_Name",
                        "type": "string",
                        "required": true ,
                        "split": ["Last_Name","First_Name"],
                        "mapping": { }
                      },
              "CITY":
                      {
                        "name": "City",
                        "type": "string",
                        "required": true ,
                        "mapping": { }
                      },
              "STATE":
                      {
                        "name": "State",
                        "type": "string",
                        "required": true ,
                        "mapping": { }
                      },
              "ZIP_CODE":
                      {
                        "name": "ZIP_Code",
                        "type": "string",
                        "required": true ,
                        "mapping": { }
                      },
			  "EMPLOYER":
                      {
                        "name": "Employer",
                        "type": "string",
                        "required": true ,
                        "mapping": { }
                      },
              "OCCUPATION":
                      {
                         "name": "Occupation",
                         "type": "string",
                         "required": true ,
                         "mapping": { }
                              },
              "TRANSACTION_DT":
                      {
                        "name": "Transaction_Date",
                        "type": "timestamp",
                        "required": true ,
                        "mapping": { }
                      },
              "TRANSACTION_AMT":
                      {
                        "name": "Transaction_Amount",
                        "type": "string",
                        "required": true ,
                        "mapping": { }
                      },
              "OTHER_ID":
                      {
                        "name": "Other_Identification_Number",
                        "type": "string",
                        "required": true ,
                        "mapping": { }
                      },
              "TRAN_ID":
                      {
                        "name": "Transaction_ID",
                        "type": "string",
                        "required": true ,
                        "mapping": { }
                      },
              "FILE_NUM":
                      {
                        "name": "File_Number_Report_ID",
                        "type": "string",
                        "required": true ,
                        "mapping": { }
                      },
              "MEMO_CD":
                      {
                        "name": "Memo_Code",
                        "type": "integer",
                        "required": true ,
                        "mapping": { }
                      },
              "MEMO_TEXT":
                      {
                        "name": "Memo_Text",
                        "type": "string",
                        "required": true ,
                        "mapping": { }
                      },
              "SUB_ID":
                      {
                        "name": "FEC_Record_Number",
                        "type": "string",
                        "required": true ,
                        "mapping": { }
                      }
            }
}
